{"cameraMode":{"drawMode":0,"name":"Shaded","section":"Shading Mode"},"sceneLighting":true,"audioPlay":false,"sceneViewState":{"showFog":true,"showMaterialUpdate":false,"showSkybox":true,"showFlares":true,"showImageEffects":true,"showParticleSystems":true},"in2DMode":false,"pivot":{"x":-0.11172784864902497,"y":0.4651530981063843,"z":-0.6401317715644836},"rotation":{"x":0.02941511571407318,"y":0.9566983580589294,"z":-0.1055835410952568,"w":0.27008986473083498},"size":3.065837860107422,"orthographic":false}